{"accuracy": [0.02792937308549881, 0.02857142873108387, 0.031139647588133812, 0.03788122162222862, 0.05714285746216774, 0.057463884353637695, 0.06452648341655731, 0.09052969515323639, 0.11139646917581558, 0.13386838138103485, 0.1881219893693924, 0.24012841284275055, 0.2597110867500305, 0.31685394048690796, 0.3810593783855438, 0.45971107482910156, 0.5046548843383789, 0.5534510612487793, 0.6073836088180542, 0.6333868503570557, 0.6844301819801331, 0.7296950221061707, 0.748314619064331, 0.7935794591903687, 0.8067415952682495, 0.8340288996696472, 0.8593900203704834, 0.8642054796218872, 0.8648475408554077, 0.8812199234962463, 0.9052969217300415, 0.9008025527000427], "loss": [8.29133415222168, 3.5817160606384277, 3.576282501220703, 3.56231689453125, 3.512821912765503, 3.503500461578369, 3.467284679412842, 3.40571928024292, 3.338162660598755, 3.249931573867798, 3.0486221313476562, 2.881791114807129, 2.8323938846588135, 2.5508780479431152, 2.316988468170166, 1.99946928024292, 1.8752647638320923, 1.6884121894836426, 1.4768218994140625, 1.3794877529144287, 1.1760263442993164, 0.9713929891586304, 0.9304869174957275, 0.7481264472007751, 0.7351920008659363, 0.61672043800354, 0.5285184383392334, 0.49473264813423157, 0.49447348713874817, 0.4555589556694031, 0.38361483812332153, 0.38131293654441833], "val_accuracy": [0.028490029275417328, 0.028490029275417328, 0.03133903071284294, 0.04273504391312599, 0.05982905998826027, 0.10256410390138626, 0.11680911481380463, 0.11680911481380463, 0.1766381710767746, 0.25071224570274353, 0.31908831000328064, 0.32478633522987366, 0.38746437430381775, 0.4273504316806793, 0.5327635407447815, 0.6096866130828857, 0.62678062915802, 0.7008547186851501, 0.7435897588729858, 0.74643874168396, 0.8062677979469299, 0.8148148059844971, 0.8603988885879517, 0.8632478713989258, 0.8860399127006531, 0.9173789024353027, 0.94017094373703, 0.9031339287757874, 0.9287749528884888, 0.94017094373703, 0.9373219609260559, 0.9515669345855713], "val_loss": [3.5833492279052734, 3.5818066596984863, 3.5739617347717285, 3.558316946029663, 3.539447546005249, 3.481900453567505, 3.468520402908325, 3.365948438644409, 3.1882452964782715, 2.993002414703369, 2.851072072982788, 2.77105975151062, 2.4947121143341064, 2.3541948795318604, 1.947983980178833, 1.6353504657745361, 1.571210265159607, 1.3562697172164917, 1.046807885169983, 1.0404918193817139, 0.8516190052032471, 0.8607209920883179, 0.7985847592353821, 0.8073790669441223, 0.7631174921989441, 0.7205811738967896, 0.5555088520050049, 0.6368087530136108, 0.7135079503059387, 0.6450653076171875, 0.5602378249168396, 0.5829986929893494]}